[
  {
    "username": "xxxx",
    "email": "xxx@xxx.com",
    "password": "XxxxXxx2",
    "favorites": [
      {
        "id": "tt2245084",
        "title": "Big Hero 6",
        "year": "2014",
        "plot": "A special bond develops between plus-sized inflatable robot Baymax and prodigy Hiro Hamada, who together team up with a group of friends to form a band of high-tech heroes.",
        "imdbid": "tt2245084",
        "poster": "https://m.media-amazon.com/images/M/MV5BYjQ3YzUyOGQtNjdlYS00YmRhLWIyOWYtMGQ3YjkwMjJiYzRjXkEyXkFqcGc@._V1_SX300.jpg",
        "director": "Don Hall, Chris Williams",
        "genre": "Animation, Action, Adventure",
        "actors": "Ryan Potter, Scott Adsit, Jamie Chung",
        "rating": "7.8",
        "links": []
      },
      {
        "id": "tt0120737",
        "title": "The Lord of the Rings: The Fellowship of the Ring",
        "year": "2001",
        "plot": "A meek Hobbit from the Shire and eight companions set out on a journey to destroy the powerful One Ring and save Middle-earth from the Dark Lord Sauron.",
        "imdbid": "tt0120737",
        "poster": "https://m.media-amazon.com/images/M/MV5BNzIxMDQ2YTctNDY4MC00ZTRhLTk4ODQtMTVlOWY4NTdiYmMwXkEyXkFqcGc@._V1_SX300.jpg",
        "director": "Peter Jackson",
        "genre": "Adventure, Drama, Fantasy",
        "actors": "Elijah Wood, Ian McKellen, Orlando Bloom",
        "rating": "8.9",
        "links": [
          {
            "name": "Trailer",
            "description": "YouTube Trailer",
            "url": "https://www.youtube.com/watch?v=V75dMMIW2B4"
          }
        ]
      }
    ]
  },
  {
    "username": "vovavova",
    "email": "Vova@vova.com",
    "password": "Vovavova2",
    "favorites": [
      {
        "id": "tt0120737",
        "title": "The Lord of the Rings: The Fellowship of the Ring",
        "year": "2001",
        "plot": "A meek Hobbit from the Shire and eight companions set out on a journey to destroy the powerful One Ring and save Middle-earth from the Dark Lord Sauron.",
        "imdbid": "tt0120737",
        "poster": "https://m.media-amazon.com/images/M/MV5BNzIxMDQ2YTctNDY4MC00ZTRhLTk4ODQtMTVlOWY4NTdiYmMwXkEyXkFqcGc@._V1_SX300.jpg",
        "director": "Peter Jackson",
        "genre": "Adventure, Drama, Fantasy",
        "actors": "Elijah Wood, Ian McKellen, Orlando Bloom",
        "rating": "8.9",
        "links": [
          {
            "name": "4te4t",
            "description": "ertert",
            "url": "ertet"
          }
        ]
      }
    ]
  }
]